timestamp,feet,inches,weight,goal_weight,gender,age
2025-10-04 23:21:18,5,8,213,154,Male,29–39
2025-10-04 23:23:13,6,8,237,128,Female,51–61
2025-10-04 23:33:44,4,10,237,108,Male,29–39,Low Libido or Erectile Dysfunction 
2025-10-04 23:36:34,4,11,153,91,Female,29–39,Cognition Issues
2025-10-04 23:37:53,4,2,281,124,Male,40-50,Cognition Issues
2025-10-04 23:40:31,5,10,122,96,Male,62+,Skin Issues
2025-10-04 23:49:13,6,9,187,125,Female,51–61,Hair Loss,Lose Weight
2025-10-04 23:49:49,4,9,297,131,Female,18–28,Cognition Issues,Gain Muscle
2025-10-04 23:51:07,4,4,202,153,Female,40-50,None of these,Maintain My Current Body
2025-10-04 23:58:28,6,8,165,141,Female,29–39,None of these,Lose Weight
2025-10-04 23:59:27,4,1,134,90,Male,29–39,None of these,Lose Weight
